"";"X";"a";"b";"c"
"1";1;0,243428132578577;-0,489098715501282;-0,304992203440968
"2";2;-1,26018332917246;-2,24243613679353;-0,123353076924263
"3";3;0,760955106792784;0,18193678746094;0,284306382867326
"4";4;0,0998130783100355;-1,66915761238239;-0,905800890140265
"5";5;0,808372546715075;-0,0242551206012848;0,296851152544828
"6";6;0,487266212656579;-0,797025387551856;-1,16136185942682
"7";7;1,9639960912085;-1,17832776998321;-1,20909896160133
"8";8;0,287966643202021;1,04580227146472;1,01347610218959
"9";9;-0,471032894239612;-0,35763529736986;0,250526828105969
"10";10;0,228938136635848;0,777208224186479;-1,57139016700357
"11";11;-0,540572812418567;-1,78328916093883;0,0947932892207825
"12";12;0,0167201507517336;-0,473864339765761;-0,91440749048149
"13";13;-0,598407779281762;-1,66306571839176;-0,431305082753443
"14";14;0,0502985108307673;-0,722279183517285;0,560090623672411
"15";15;-0,487064662367396;1,28723101636773;1,42723209413779
"16";16;-0,77170761498104;-0,000729627558181392;0,615974011505015
"17";17;0,508010346178977;-1,07634450051511;-1,14703120080209
"18";18;-0,720145443967375;-0,371875682499651;-0,158759405768806
"19";19;1,78591737026348;1,17391155399235;-0,655018372680036
"20";20;-0,255749472789512;-0,560697411791642;-1,44751373070612
"21";21;1,6085756637491;-0,445720459059095;0,132460561363501
"22";22;-0,476956987988854;0,586424644623812;-0,422840989184004
"23";23;1,40951729497635;0,80999131153017;0,576073734703479
"24";24;-0,172029818565012;0,154389848817824;-0,64037423154908
"25";25;1,95259139131335;-0,390785214936551;0,266690591765171
"26";26;1,09080988112184;-1,53721728546992;-0,329505601270439
"27";27;-0,886665709557017;-1,30532373800719;0,0936433795741689
"28";28;-0,525771693191133;-0,508936378197984;-1,87449531068185
"29";29;-0,38572849991848;-0,610751081486959;-0,526374677795352
"30";30;0,576930884864055;-1,4050299987815;-0,432177924067769
"31";31;1,9589041795626;-0,136121092850803;0,482787387444821
"32";32;0,508184541387134;-1,16134952410227;-0,318394720194812
"33";33;-0,8059856818193;-0,292367366735069;-0,135298436973927
"34";34;0,061162865087797;-1,23162254557863;1,64276037188231
"35";35;0,374107004198347;-0,75619030269572;-2,29036374112271
"36";36;0,0861718988142438;-0,351947688737636;-1,22163560030176
"37";37;-1,11559218416119;1,57322839542064;-0,220230593400547
"38";38;-0,518842114475827;-0,826331808384209;0,132000509125182
"39";39;-0,674816031082758;-0,131380124039032;-0,341050821368842
"40";40;-0,382083874362503;-0,889894198133241;0,532684704545485
"41";41;0,538060548344508;0,598518758834804;-0,207877054223879
"42";42;1,02929185785655;0,529642220750312;-0,465081718882534
"43";43;-1,31345882028898;0,0493814097001334;0,511007669496141
"44";44;0,831206100786771;0,260267161619544;-1,74264666313096
"45";45;-1,27200158730882;-0,462924880832831;-0,0226538807593888
"46";46;-0,723018074922353;1,85762966860402;-0,33067328005184
"47";47;-0,723461291725845;-1,24464292129194;-1,89186275454258
"48";48;-0,0986152242415365;-0,3782889670028;0,420595633998162
"49";49;-0,464735491506938;0,358065083661835;-0,902927130280104
"50";50;1,50205604811464;0,59714253973826;0,196377088611838
"51";51;0,84524023510245;-0,243279825871108;0,171023546986453
"52";52;1,58966931518519;-1,65501208540033;2,03058288469189
"53";53;-0,985141478658617;0,652192512730686;-0,128832401579769
"54";54;0,790282951272162;-0,984147629335762;-0,572660228690958
"55";55;-0,167754582576767;0,336319092255479;1,88269943510842
"56";56;-0,116860224965971;1,55339470232381;0,0850436183013065
"57";57;0,74639380267438;-0,294011180393973;0,238115962823958
"58";58;0,223484093934296;-0,177492048115129;0,638123975451916
"59";59;-0,468856486756361;-0,267509566152018;-1,22918323333245
"60";60;0,0226721939430037;0,843547642995549;0,0899136807761761
"61";61;-1,64705985558721;0,145815656324135;-1,84259525834769
"62";62;-0,136558958324664;-0,390555827614038;0,354319424577834
"63";63;0,884811346962576;-1,11781553058319;0,275983359265884
"64";64;-2,68750052507541;-1,21776471911854;0,427164858376968
"65";65;0,317120457531876;-0,939810418652532;0,177940422833543
"66";66;0,184065545493605;-0,601936586931764;-0,0354099941272377
"67";67;-1,21748056811738;1,80581205169291;-1,73673392630411
"68";68;-0,946573983614176;-0,295856014224224;-0,952243721577049
"69";69;0,697892322339115;1,46062514529625;-0,0806339830403109
"70";70;-0,538207581136381;-0,245710118770484;-0,538249651446082
"71";71;-0,109735881049924;-0,216653053312042;1,03880706890215
"72";72;1,85467244963542;-0,0516745070951852;0,0798304483753998
"73";73;-0,632399666147919;-0,148824579526365;0,347892557255626
"74";74;0,989792223907781;0,0132686435085222;-0,580553098470886
"75";75;0,884884597226976;-0,22214668310688;0,448264384780339
"76";76;0,98618100185915;-1,43341707926193;2,66039896322368
"77";77;0,276175790106625;1,10672279936845;0,277780519730428
"78";78;-0,356194234677984;-1,31760236229198;-0,74506432354565
"79";79;0,708432593874656;-1,22502689485447;0,256232041169418
"80";80;1,11708248300016;-0,638463343481802;-0,425066484559598
"81";81;-1,03140272477542;-0,433512764554578;-1,6158777208714
"82";82;0,393408602165218;-2,7607064796489;0,0765988046017003
"83";83;-0,997843578414936;0,695765461770609;0,047482568431012
"84";84;-1,22724652862076;0,166631937183701;0,439216396458086
"85";85;0,957762700981433;0,508831570917932;-0,586552128181942
"86";86;-1,275452424227;0,263971333922611;-0,966584100032502
"87";87;0,930355899152265;0,377842069058929;-0,0939844814050656
"88";88;-0,40453808288032;0,623260226428795;-1,54523827215546
"89";89;-0,188634079308938;-0,683566959423431;0,338485604442961
"90";90;0,813635334652343;-0,673695996706511;1,92697371662151
"91";91;-1,00870379854561;0,384752611247547;-0,373731197759018
"92";92;-1,74625062030038;0,23615709944693;-0,686013479509869
"93";93;0,639563544565723;-0,203490454436404;0,978392182185064
"94";94;0,114636387112537;-0,0135492098249516;1,1030585287311
"95";95;-1,01846814794683;-0,608064446159252;1,2141392040808
"96";96;-0,488124313021343;2,26540880869499;-0,622978394910124
"97";97;0,629697341991084;0,931146028134081;1,49993750505846
"98";98;0,412533709442711;-1,82152651889249;0,0901728562009955
"99";99;-0,837273474943959;-0,46800963698654;1,44921612540896
"100";100;-0,33958325826958;0,771002442715023;-0,21578432478284
"101";101;-0,937151358854988;0,195436105313179;-0,051886711696174
"102";102;-2,0265730035023;-1,63355623490107;-0,562895339054826
"103";103;1,10636679463477;-0,73745979991153;-0,698725086969549
"104";104;-1,57077020790382;1,21875100491516;0,372189268929301
"105";105;-0,72945468081128;0,835373287473163;0,123445502077871
"106";106;-0,696100399472582;-0,401469905800867;-0,742280410648526
"107";107;0,374059777059036;0,116184665217763;-0,916133337327229
"108";108;-0,361740776833648;-0,34707665113607;-0,760236817160948
"109";109;0,0828289259381187;0,0152767315021482;-0,933269775571831
"110";110;0,029406785527649;0,577137694497448;-2,64981601626236
"111";111;-0,894378658560126;-0,333758260360463;0,939162534902194
"112";112;0,590126733674548;-0,322732151247977;1,17409744283093
"113";113;-0,835004605133299;-1,41063268173921;-0,329910151389083
"114";114;0,867073148146997;0,0567142579616054;-0,226430941163657
"115";115;0,463789324944911;-0,268858100123346;0,800154628877878
"116";116;-1,56139786733143;0,373102527997486;-0,561748187586905
"117";117;0,655718021513886;0,258523061457279;2,69771681726979
"118";118;0,267325328905889;-1,10735851800868;-0,537123001589731
"119";119;-1,77058663164501;0,809269434123906;-1,17893882188871
"120";120;-1,19490227992581;0,245540405574296;-0,862376169211527
"121";121;0,204783214795439;-1,57880460950314;-1,19007859938575
"122";122;1,04022995696695;-0,749676730061138;0,565242736986235
"123";123;0,934794713025463;0,43710639548047;-0,106570375506325
"124";124;-0,0113110493387705;0,419161173424772;-0,0356906343961625
"125";125;-1,08913171150513;1,86006564346769;-1,156662716796
"126";126;1,56734366506179;0,709954224478824;0,0877761231280231
"127";127;-0,958838027757155;0,437319941616436;0,89320386954319
"128";128;-0,0949683316311545;-0,314021345476782;0,282947502383289
"129";129;0,894308748627409;-1,30370860034342;-0,672751924723825
"130";130;-0,868576780562294;0,151623810311134;0,41293792874273
"131";131;-0,794560426834772;-0,94718156565857;-1,22742440284159
"132";132;-0,491967119823006;-0,0929481594323387;0,400005620383198
"133";133;-1,1082951521787;0,615812314681817;0,246620860883436
"134";134;1,51120239706695;0,00460997621364057;0,0288312981330769
"135";135;-0,752648927458807;0,0411128897326543;-0,922823184067321
"136";136;0,472845934202989;-1,39589646343974;-1,67386065579296
"137";137;-0,83520326992316;-0,601901436101789;1,59679122042432
"138";138;1,23801932010695;0,033875337260971;-0,336451385932449
"139";139;0,333115432874554;0,643680851985982;-1,26956847648987
"140";140;-0,76416504232829;1,52071534612855;0,595424968846329
"141";141;0,670610472848167;0,331603423425899;0,526422876216637
"142";142;0,418018039571765;0,00816918452848867;0,850691899373812
"143";143;0,293461490631609;-1,40859680917944;1,95266300445265
"144";144;1,84405357845117;0,525039597247632;1,52949461700909
"145";145;0,300426230623375;-0,647539345621769;0,424783487173951
"146";146;0,114600325125821;2,08900212250584;-0,698380753183484
"147";147;-1,38633121097545;-0,645975278881217;-1,27248686353196
"148";148;-1,41926924314488;1,03646012023951;0,424436575422045
"149";149;1,49488794837898;-0,444971801396228;-0,259093450955643
"150";150;-0,543337546671156;1,42443226966261;-0,927699072235514
"151";151;-0,194504610374467;0,300875276710697;0,407573195921536
"152";152;-0,506959166464722;-1,74365529010663;-1,57775276990357
"153";153;-0,211075371663733;1,46828198753249;1,30494059159371
"154";154;-0,318790288146122;1,07160305665781;0,402128243391114
"155";155;-0,461741468241985;-0,0367872383966765;-1,62115675162753
"156";156;0,05686098758482;0,193323619676304;1,12455068573696
"157";157;-1,10148151050548;-0,585313244244465;-0,378833336132871
"158";158;-0,13031475715148;0,930851159706546;-1,49827506270793
"159";159;0,780605087183055;0,877479086736472;-1,76246764871372
"160";160;0,542231935300055;-0,155258672677938;0,516007500496963
"161";161;-0,219186601217757;-0,0234914643638169;-0,738742527964288
"162";162;-1,50113241757933;0,822186909009022;0,127498444443484
"163";163;0,468221881237564;1,08481473420201;0,847241536716715
"164";164;0,394883978141867;3,02833091283333;-1,46484426824837
"165";165;1,59627172328545;0,0635902361397218;0,260026757453498
"166";166;1,13838355487042;-0,677008808901457;1,47909105869607
"167";167;0,173097091579678;-1,06321924824058;-1,14182344633806
"168";168;0,730564316419799;-1,25792939285308;-0,046480567406738
"169";169;-0,0102956952901237;-0,0847117842091716;0,841272001756858
"170";170;1,16468125171976;0,204204664816926;-0,279935416996853
"171";171;0,122619978106754;-1,14441471890482;-1,30712379071896
"172";172;0,563204819863342;0,744173100925324;0,618790907428089
"173";173;-1,2189963249442;0,268227432298486;1,6064172994366
"174";174;0,186212266602405;0,667601119967022;0,421937199628465
"175";175;0,878178592339236;0,349807761607168;-0,0518019032107367
"176";176;-0,0657659444730476;-0,258521387691868;0,716527220697374
"177";177;0,397670005252968;-1,34077044418608;0,136363039367493
"178";178;-1,41112314088712;0,305592910554662;0,0669187591642997
"179";179;-1,20410631077483;-0,657173768590602;-0,401594318183963
"180";180;-0,174353287055478;-0,993187447781478;1,38972896363941
"181";181;0,405936562977945;-0,919770579587893;0,400321212201623
"182";182;2,67584943810464;0,120164345014211;0,0721493206135802
"183";183;0,237335341070545;-1,47687219038565;0,953380033763261
"184";184;0,479054191608649;-0,37137790186398;1,27497597242849
"185";185;-0,347610619897143;0,574285122187577;0,846061923577997
"186";186;-0,304025655800763;-2,02088887240067;-1,86389830190462
"187";187;0,0199554215593704;0,691096415092083;-0,655360079315985
"188";188;-0,0323355142486969;0,184257623213211;0,816774160192956
"189";189;0,964580604955701;0,824840610339905;0,749403786170091
"190";190;0,558238663334083;0,0318883211435844;0,301841171593576
"191";191;-0,46500229039809;-0,131910755787144;0,552353783640607
"192";192;1,92573874556151;1,26140096076146;0,900632077664164
"193";193;-1,49802194043078;-1,00406259319351;-0,560876236430437
"194";194;-0,396026590659598;-0,20326825614537;0,0485086843415735
"195";195;0,086714175312451;0,0456710297510144;0,17260839536022
"196";196;-0,215540311765884;-1,28510224894481;0,00118277179732711
"197";197;-0,219906652501257;-0,0687905529546778;-0,0320768396106538
"198";198;1,53781727159599;-0,930043556421828;2,89711993887969
"199";199;-0,400592751988183;-1,3817213504127;-1,09144725110046
"200";200;-0,593301915537665;-0,884997130795273;-0,742156554589504
"201";201;0,709721794543333;-1,89789238054375;0,249484695749022
"202";202;-0,780168389794421;-1,40431203660232;-0,2781733440021
"203";203;-1,99156092923169;0,0137446069547775;-1,08731179546363
"204";204;0,347311580260488;-0,310120269722284;1,44358507467674
"205";205;0,415260276831224;0,771239416097394;-0,104001749896338
"206";206;-0,5236511522586;-0,144511512532359;-0,139318884374144
"207";207;1,89690391325294;0,340613252563986;-2,13855562966468
"208";208;0,194822629460983;-0,0432622460603765;-1,5725234987874
"209";209;1,8928368577462;1,80714123324924;-1,35944891736134
"210";210;-1,2108510608955;1,6771276683807;0,105282212120865
"211";211;0,186128509851698;-0,5486559755754;-0,0498071858463448
"212";212;0,0387608217648137;0,649628267484766;1,50117829134798
"213";213;-1,38100634474343;1,49495176377721;0,283998340397028
"214";214;1,36060854850099;-0,112148895765189;0,523050003073162
"215";215;0,00921652192448705;0,116155809896676;-1,19641927813402
"216";216;-0,209194184926095;1,44832521075917;1,04996001194358
"217";217;0,418985758767886;1,48739776579492;-0,404342664829384
"218";218;-0,561764686666925;2,64918322309477;0,610459638770575
"219";219;0,529459054883126;0,976486102811183;0,130851955055411
"220";220;-0,582481519365499;1,36166090079028;-0,201640905140668
"221";221;0,283269558613946;0,448140955150806;0,719333212425869
"222";222;1,29358458057718;0,519517509459896;1,12194724256784
"223";223;1,03105242348371;-0,856240458325604;1,80576239370423
"224";224;1,5681079317064;0,360926968348679;-0,77373447359568
"225";225;0,690360599672721;3,05858896442232;-0,21280181149644
"226";226;-0,310959881084185;0,562332977274783;-0,81377404899028
"227";227;-1,31545086471044;0,906465562700119;0,1766014787825
"228";228;-0,684199205513178;0,595605839216115;-1,09162892589626
"229";229;-0,370903091247361;2,42921597994267;-0,357831404934039
"230";230;-0,399996199899503;0,37119311871055;-0,379120661955787
"231";231;0,401639554570037;-0,287215796700302;0,852156014419457
"232";232;0,00229143941812906;-1,9746006293045;0,364625598860253
"233";233;0,284867370064413;-1,18773949455034;0,122904579902031
"234";234;-0,874968619911362;1,55393002331399;0,947160586312892
"235";235;-0,453314484661698;-0,216760253819238;-2,22867366996686
"236";236;1,32588308258899;-1,08991349119754;-0,362599315803933
"237";237;0,459569425990975;-1,02125188651969;0,958912480632022
"238";238;-1,23214880683284;0,0187354114551673;-0,990342014214147
"239";239;2,23054413735918;1,24861159571539;-1,23983218206579
"240";240;1,36696577395362;-1,50646920469874;-0,0693233349872533
"241";241;-0,613406885134913;-0,725087523060495;1,57027723019566
"242";242;0,202522625788463;0,528326434455344;0,187759715888467
"243";243;-1,47749508070305;-1,04107535610171;1,15086430172748
"244";244;0,10098595601137;0,803543884672251;-1,67599472109353
"245";245;-1,04973154641726;0,486345366620658;-1,84231147321713
"246";246;0,441289126330469;-0,177660169350144;0,27817321088629
"247";247;-0,574047936111515;0,684583974625812;-0,712167490994873
"248";248;-0,507812880781037;0,914353016535572;-0,234265468339503
"249";249;-0,207799592157563;1,53604404683537;1,34027876460575
"250";250;0,307686607688872;1,87446420907124;1,26253202179721
"251";251;-0,637725922974709;0,809875070581444;0,216381974894256
"252";252;0,47621532151624;0,620174175549558;0,659838972211448
"253";253;-0,367908093613274;0,996227086831702;-0,0746370251916159
"254";254;0,127545215128001;0,70212160862925;-0,672806510265227
"255";255;1,42238393467144;0,376766262696841;-0,839637200790194
"256";256;2,12848653792967;0,696420368127381;-0,665061806258893
"257";257;1,72321096596492;1,23949399004685;0,0159548745350034
"258";258;0,226080669463609;-0,408593430679872;-1,3418643657302
"259";259;0,0930778237508377;0,555193755255652;-0,549998551410745
"260";260;-0,833323221094399;0,265812434605075;1,14531701708263
"261";261;0,292636520312473;-2,11591864337577;-1,61184806252256
"262";262;0,664117765211659;-0,0575054694793148;-1,54430392772152
"263";263;-1,48837971384269;-0,445561235981162;-0,75403663212087
"264";264;0,105872743291725;0,000310633748512002;0,172793582588183
"265";265;0,377231119268181;-0,608829349961422;2,33026012076112
"266";266;0,0512489581925654;1,58939476372037;0,675640932699641
"267";267;-0,482799750103016;-0,481035686934167;-0,763931109390227
"268";268;-0,171078807365132;0,227948010933308;-0,627753853544121
"269";269;1,53804971878839;1,49877273013795;0,624262815200983
"270";270;-0,654376461743905;-0,0608560176574252;0,273139171300106
"271";271;-0,333022631248117;1,43434236228512;-0,657376387996483
"272";272;-0,546011809392758;-0,672016743247498;0,317443592051782
"273";273;0,0389696547392481;-0,338849374609928;0,374722376628168
"274";274;-0,497219157506087;0,267013924347314;1,58503835959032
"275";275;-0,550143402921887;-0,700577595787477;-0,815447213062369
"276";276;0,160083803126739;0,796747128521661;-1,08146365092377
"277";277;-0,161749732102076;1,36721731438633;-1,5947053560307
"278";278;0,510739059846042;-1,6590536926379;-1,63647187410602
"279";279;1,07344322573876;-0,0792031234605949;-0,171423733135285
"280";280;0,219814147055153;0,364343614845331;-2,51394760091988
"281";281;-1,04895016396972;0,538400899698273;0,329175616378421
"282";282;-1,21907214571867;1,72021843961958;-0,329475724500338
"283";283;-0,573038959038484;1,12403273716439;1,524512707336
"284";284;0,636384934392252;0,789716570163463;0,243031527336184
"285";285;0,248556395718036;-0,219761428412832;1,11580042702022
"286";286;-1,6565059880952;-0,296953782074776;0,486057089192472
"287";287;0,844725488892908;-0,0314718215606135;0,406334266829993
"288";288;-1,10612685558083;-0,0625721661398175;1,26452855229732
"289";289;-0,350696799888572;-0,791480661715697;0,00250563599074727
"290";290;1,57664963680256;2,00309080172668;0,35738401298159
"291";291;-0,119060213508656;-1,29412225562148;-0,680250908723978
"292";292;-0,229105203316191;0,59925254815699;-1,10171836402278
"293";293;0,81588601497024;0,284342254324094;-1,76426027984002
"294";294;-0,937131374913854;0,255465300501921;-1,57989306323539
"295";295;-0,287322240744387;0,791877457801062;-0,252014394943474
"296";296;-0,440080237702607;-0,0460375898786299;-0,12383314679893
"297";297;-0,00845897324947244;2,15333842182311;-1,0978815366529
"298";298;-1,69706032628463;-1,55154517628397;-0,706809553986093
"299";299;-0,975952867797367;-0,391470362309597;-0,530946882852682
"300";300;-1,56188527267729;0,985682184270279;-0,685883686508048
"301";301;-0,681405610142918;-0,157305421976674;0,646409336800592
"302";302;0,241000539784694;0,68780109587869;-2,93725328867987
"303";303;0,67198711485585;0,698177002041108;0,73174456739716
"304";304;-0,407917866121881;1,57533944247349;0,339038174877262
"305";305;-1,32356338220993;-0,381171206512086;1,26108759702619
"306";306;-0,0601220169984498;0,129067727907694;-0,508136980824362
"307";307;-1,39308487308224;-0,7208535981317;-1,19365290320971
"308";308;0,837711570191373;0,89570845524978;-0,348547893010133
"309";309;-0,236903861695201;-0,48003942991352;0,778275237369926
"310";310;1,54204514225282;0,0486562692754729;0,954575603984441
"311";311;0,292837361185837;-1,47333863307889;0,0922984977456353
"312";312;1,75562734950207;0,142967704823741;1,0721584031022
"313";313;-1,1341193500267;1,0630840277764;1,29079690361969
"314";314;-0,0792314971312484;-2,00033664946721;1,21434567204421
"315";315;-0,396210923758567;-0,285115887342613;1,10545897340813
"316";316;-0,256632241928514;-1,28488932031327;1,50716655296463
"317";317;0,844813481971637;-0,452759004441198;-1,18238011120241
"318";318;-0,72380812898951;1,1892988778855;-0,358422510782024
"319";319;0,283339037553785;1,04707108716959;1,29876069561738
"320";320;-0,523343377124845;-0,262808457900862;-0,732198741421749
"321";321;-0,555481565773236;0,265427256734652;1,03464432249848
"322";322;-0,57815245199244;-1,02441057488917;-1,01292831712718
"323";323;1,02361536582549;-1,17608015047786;-2,00728858649239
"324";324;0,821686949478033;-1,79792124447229;1,79387034843649
"325";325;-0,316524296622082;-1,6461367313864;-0,908188680694621
"326";326;1,19124062997597;-0,746970996705354;-0,709404215433949
"327";327;-0,28555132581363;0,713914842452822;0,441171425660724
"328";328;1,40290777004184;-1,10707956917157;-0,831874863670369
"329";329;1,83435611520411;-2,63435207634493;0,808955514806091
"330";330;1,35442963470579;-0,826647097784354;1,17908886424895
"331";331;0,00615660762957792;-0,245044240592209;-2,33337085231103
"332";332;1,72666537979375;2,1150946594949;1,30372468144293
"333";333;-0,328567938394028;-2,08015797181846;-0,860669049795177
"334";334;0,66899016681225;-0,521472164771711;0,881858341650012
"335";335;0,80623353401253;0,927462145225462;-1,22270908245054
"336";336;0,373028024360417;1,85723211618283;2,11188167998759
"337";337;-0,353485375001916;-0,0308726936979902;-0,0108387030564733
"338";338;1,30796991472563;-1,63199767402672;-0,5964412935753
"339";339;0,0693636583867755;0,763719704542298;-0,391341924281162
"340";340;-0,310385907598079;0,69674330769861;-0,432074575174025
"341";341;-0,26144302855674;0,559168260643349;0,727899268982776
"342";342;1,8894934324755;-0,542214361491421;0,772855714338468
"343";343;-1,41075913477656;0,0379704870755381;1,05289712637481
"344";344;-0,553179373539524;0,919371422137254;-0,581586395874965
"345";345;-0,17704054638107;-0,0991343733556054;-0,740837036704879
"346";346;-0,329910442103509;-1,54717733882545;-1,33184644872721
"347";347;1,61618159931597;0,74750449703302;-1,17878433281755
"348";348;-1,77299524787379;-0,559282431223637;-0,0472744581278364
"349";349;0,225986955834763;0,285689297180562;0,963448183143837
"350";350;1,03415985901783;-2,2415869966226;-0,359466534361958
"351";351;1,56268477224341;-0,159206808858754;-0,109012696158488
"352";352;-0,219662551168425;-0,0879109529206494;-0,737561019745237
"353";353;0,0810598791472643;-0,499881422860508;-1,43447742401841
"354";354;1,7089376227461;-2,37968854054417;1,15551145005629
"355";355;-1,16626253642651;0,685898398993154;0,362060146363706
"356";356;0,0504411218042007;0,332165113787077;1,4567662282322
"357";357;0,0719048504588942;-0,535131724577922;-0,314408255558092
"358";358;3,42741170105319;-0,203361119401012;1,270603667297
"359";359;-0,272921188885878;-1,0073588570411;-0,586559066127733
"360";360;-1,37402401612429;0,856324629880174;0,643437677565501
"361";361;-1,01595922841428;-0,511705287814801;0,0756432850223554
"362";362;1,11417575101489;-0,3308036194347;-0,337275516406753
"363";363;-0,364001721808123;-0,876406041017086;1,08401219035752
"364";364;0,137367493299305;0,848116543440214;-0,0126248140039768
"365";365;-0,325176941026357;-0,279033509206795;0,194623087696101
"366";366;-1,20428026253861;0,6868382926302;1,30326352532058
"367";367;0,84643738033515;-0,797966804158301;-0,0805799789632243
"368";368;1,29686053545456;0,6800686903641;-0,0399116014359113
"369";369;0,0392496831004911;-1,47159033379753;0,334836429413284
"370";370;0,309581707120263;0,802502269603906;-0,0903660618546869
"371";371;0,704177927622107;-1,46400233945689;-0,0452422115450646
"372";372;1,64580551688423;-1,52162430981879;-1,35047550388829
"373";373;0,216896312727419;0,675406380792849;-0,170035678625017
"374";374;-0,140562353705359;-0,172642266277626;-0,0458580735953183
"375";375;-0,277079750010155;-1,40050851818195;-0,516178003818983
"376";376;0,88983349769603;1,12089044762917;-0,658247006520711
"377";377;-0,0777838339704677;0,954488318221987;-1,15879283881843
"378";378;-2,28345418069137;-0,576423552369791;-1,97980884908628
"379";379;0,314245838302393;-0,986338197517175;-0,658401804069902
"380";380;-0,41662574203202;-0,0544805789676585;0,531853958958993
"381";381;0,2005238729147;-0,973727048434896;0,860491852108489
"382";382;1,17769861136846;1,31655582980885;0,595041498158035
"383";383;-0,27354261653567;1,0901106010872;0,133922018072153
"384";384;-0,994910271048255;-0,0417595412375229;-0,782510662108413
"385";385;0,884985289854502;-0,839574708220503;0,382092505750916
"386";386;-1,29950441174202;-0,1794663895552;-0,451179705988786
"387";387;0,803448761733102;-0,254015272322949;0,502966451325893
"388";388;0,0397909746021253;0,645097536516387;-0,406034984432162
"389";389;0,103019052722843;-0,394713760709189;0,342765781443956
"390";390;0,0997493445113215;-0,283602374923515;0,25752956851062
"391";391;-1,07138310131568;-0,38164205392916;1,8399339321482
"392";392;-0,0293275599787782;-0,776903872601186;-0,946504955937627
"393";393;-1,26766632260431;1,66143422961815;-1,31956118982585
"394";394;1,22247241508766;-0,524164972657002;0,869189603108318
"395";395;2,240599666431;1,33023484003926;-1,88708990103086
"396";396;1,45701581632401;-0,435009174937157;-0,907810193914085
"397";397;0,151469762219546;1,13434948077558;1,79441141804501
"398";398;0,246094320149852;-0,991920377559798;0,0157877124782643
"399";399;0,920568634685561;-0,993380369929802;0,916848497174182
"400";400;-0,0837261759661697;-1,6031871491422;0,999275368469811
"401";401;-0,77205568638571;-1,3942015655998;0,341192563096401
"402";402;1,49022476380153;-1,06976094352745;-0,153850842833414
"403";403;0,916538576204319;-0,149962416548027;0,386688621505972
"404";404;0,706658865501926;0,260156359554581;0,164990991742287
"405";405;1,54572549827547;1,46335949718249;-0,274842463252059
"406";406;-1,14832814714125;-0,0656234494596184;0,320851380580248
"407";407;-0,506284598333922;0,580925193759362;-0,472894226397619
"408";408;-0,341564513339911;1,49579734149025;0,651500567077265
"409";409;-1,23099613415954;-1,74813947325029;0,644962161386197
"410";410;-0,0811421130499326;0,265076753721982;2,03350019657274
"411";411;-1,01352633681495;-0,257740854278183;1,89501100647945
"412";412;-1,1979767018371;-0,291192101341344;-1,64863049448247
"413";413;0,277735908077293;-0,684219943281104;0,0953212375209512
"414";414;1,55764000883246;-0,176551390050274;-1,71498826433203
"415";415;1,86327647669915;-0,643504977107674;-1,55394133879454
"416";416;0,963179936247197;-0,234041987617433;-1,38167446458643
"417";417;0,508754946787145;0,233925694525873;1,61889536102208
"418";418;-1,6128023063893;1,37317458612343;0,609760407910759
"419";419;0,0907961775973001;1,4777553806269;-1,06626780726099
"420";420;2,59708487776248;-0,0577075944417466;0,375386264262491
"421";421;-0,0172445809069355;-0,855926459505368;0,520024776478885
"422";422;0,261076946267762;-0,474385000016972;-1,59972532772973
"423";423;0,0187264795910143;-0,118370563798498;-0,646212978161773
"424";424;-0,357240995374493;1,38297674561321;-1,13670946129081
"425";425;-0,314668325856375;1,57606596202558;0,706762771781336
"426";426;0,090059019234615;-0,657310035959376;-0,451990444262609
"427";427;0,626403002079908;1,3814403912293;0,747778508138808
"428";428;0,53848761214179;0,380651691643684;-0,201350764273732
"429";429;0,0875838407186503;-0,146415760541809;-0,579576371797063
"430";430;0,351742021496118;-0,205303267390435;-0,542008319710104
"431";431;-0,27169800707274;0,80882336415316;-1,69599517244992
"432";432;1,15817289455671;-1,69590583676327;-0,560565695283174
"433";433;0,540539280532201;1,22684875683973;0,347333922486636
"434";434;-0,123980811593453;-0,976048237907072;0,0605328825262704
"435";435;-1,49585072641357;-1,54041461633626;0,378713961145477
"436";436;-0,405432676532039;0,312165697828654;-1,39100109159417
"437";437;-0,80189780709587;0,202112045276664;0,179539056858471
"438";438;-2,0201587928547;-0,945933467242184;-1,16313899407075
"439";439;0,163715837215116;-1,35253591419922;0,393168506867509
"440";440;0,949594440668331;-0,983111217177054;0,410381902375158
"441";441;0,700606240618451;-1,06520291855053;-1,32181378382047
"442";442;-1,47690547958555;0,0170979788476102;-0,616328225506261
"443";443;0,798654979271617;1,42968745604487;-1,07021703953527
"444";444;1,14361453937805;0,577638398972754;0,741872939013142
"445";445;0,49313918064604;0,552841656188405;-1,57195978137824
"446";446;-1,12425547900755;-0,681570175860328;1,07576196557943
"447";447;1,15542550034579;-0,963999194481243;-0,94222184758159
"448";448;-0,000704967881686009;-2,64215029383432;-0,636844479735227
"449";449;-0,916645451065875;-1,39872566417765;0,559453219085823
"450";450;0,782700417181527;-0,736709436306167;0,707565548045269
"451";451;-0,126959909519205;1,05979816030269;0,653244929369579
"452";452;0,1389446366688;1,41352286234514;1,42531176134226
"453";453;0,750744281315826;-0,585742999805502;0,65234999829155
"454";454;-0,493406329779568;-0,415896274914068;-0,321235687358872
"455";455;-1,00560165701917;-0,191768096268687;-0,338181798205683
"456";456;-0,859362028414764;0,997306930993003;-0,720203178610012
"457";457;-0,931154152852677;-0,162061007116395;0,285673866904729
"458";458;-0,0117523787489184;1,17812028888662;-0,815517565649574
"459";459;-0,311403182279997;-0,630024389095404;-1,17446758359672
"460";460;-0,573326834436322;-0,0431943266364301;-0,537551480930497
"461";461;0,0243595768732157;-0,637069472586763;-0,0998576980127146
"462";462;-0,305670742091383;-0,919215824527226;0,818529086659566
"463";463;-0,159804857536088;0,147271198102466;0,371034833061117
"464";464;-1,07358127630591;0,00438258200777197;0,170822681453318
"465";465;-0,554056684205504;0,769874962141783;0,063174244253853
"466";466;-0,770448713313358;0,173798791373892;1,01867231806792
"467";467;0,693752868271393;0,672712735803742;0,895753383475925
"468";468;1,02673141711461;0,545878001475442;0,652809633262517
"469";469;-0,531452348513466;0,348554891164192;0,301495075715845
"470";470;0,283204969761307;0,946969008817473;0,087807238652757
"471";471;-1,21428884292271;-1,02630874464175;1,59804433270937
"472";472;-0,161450554992427;-0,0631951346366094;0,219834675666383
"473";473;-0,929511832857672;-1,3100408131819;0,871113298391564
"474";474;0,0104422113370957;0,522698077575757;0,889628740911466
"475";475;0,767631385904625;0,801825512805709;1,45497349460611
"476";476;0,779665143525107;1,10816102079006;1,9930655901561
"477";477;-0,0452389550224949;-0,748129718584961;-0,965228598560401
"478";478;-0,928451018534164;0,174027828130031;0,337637705650722
"479";479;-0,456261349128098;-0,356461541970555;-1,17293177865263
"480";480;0,885772533202049;1,40326781729405;0,432563800815149
"481";481;-0,614635773071539;1,22321865264153;0,272202582924894
"482";482;0,707242779369405;-1,86553285958284;-1,22975692748045
"483";483;1,4240900538514;0,0992150032110128;-0,567338981113378
"484";484;-1,06036730878357;0,300968545286397;-0,550298136354096
"485";485;0,397633037240238;-0,828595036441045;0,82985961820551
"486";486;-0,438994752764163;1,93059770268687;-0,0761881804307445
"487";487;-0,481069193167155;0,159967602145173;0,438624783566589
"488";488;-0,670894370465942;0,656746657269992;1,08408921452807
"489";489;-0,0253002755992637;-0,578271802658079;-0,316642577183295
"490";490;0,220186519926606;-1,27567371301294;-0,288692257998522
"491";491;2,32497811166286;-2,60812052977851;0,130146066144106
"492";492;0,669498490878991;0,220837176233074;0,459748916439921
"493";493;-0,148075670253675;0,0858236066673473;0,643195266618742
"494";494;0,438024949573324;-0,827111715601012;0,282237638527121
"495";495;-0,471702496417994;0,0250024621004945;-1,60333002984005
"496";496;1,58989857102017;0,238557035927116;0,611019409403545
"497";497;0,233591380280184;-0,586443193202451;0,866625121920714
"498";498;-1,04913118751427;0,0688129912304501;1,61609683183087
"499";499;0,842674812954714;-1,01585315594655;0,49942240807395
"500";500;0,702905490845474;0,00096760955050783;-2,2555097918171
"501";501;-1,30920431054857;-0,43702131803617;0,339305467823953
"502";502;1,26069146179088;0,324963381386483;-1,97063247500531
"503";503;1,40725311581203;1,00448013226944;0,0170743445018694
"504";504;0,545797246971127;-0,935676030349746;1,60839886608614
"505";505;-0,471984970866398;-0,00263809243182337;1,14711512926563
"506";506;0,025808119365468;0,467115919930608;-0,531777371790119
"507";507;-1,39556924175247;-0,476976937765733;2,71031445691439
"508";508;-0,168751471487073;-0,784421400590181;-1,19685007889002
"509";509;0,887872426676354;-0,406155130504102;-1,06934861978626
"510";510;-0,00486110989259178;-0,403122111839666;-1,36892099663908
"511";511;0,768253006949059;0,689099728287531;1,88343855879965
"512";512;2,01916117216936;-0,690743069214958;0,701967433758336
"513";513;0,123123754018033;0,943232869717234;2,14055220923619
"514";514;0,669958717800415;-0,569298393590965;0,428621847786863
"515";515;1,54363986269072;-0,764185272981648;1,94848378055389
"516";516;-2,78371021999161;-0,239442189240365;0,355386401721335
"517";517;0,889182646730078;1,58583086745105;-2,18303042340037
"518";518;0,303094391007924;-1,39942323391102;-0,60646122541792
"519";519;-0,200205188639375;0,393970107249463;0,170679602593891
"520";520;-0,919684541116887;-1,73300485860969;2,3941638331635
"521";521;1,52261691792814;-0,847909742543885;2,3495643839139
"522";522;-1,65653526593057;1,11650196196532;0,423183926708262
"523";523;-1,9191538578717;-1,63890493643523;-0,568866629156156
"524";524;0,859642101324847;0,461318827185528;-1,30385525853645
"525";525;-0,279996408536367;0,548114118792511;0,247530603887117
"526";526;1,6296376873728;-0,0773315484301588;0,310690159940769
"527";527;-0,826649456746079;0,272338602660858;-0,257742414966721
"528";528;-0,0706392208909918;-1,8628335019543;1,05851865656302
"529";529;0,0593802319330031;1,14279225978375;0,301193328357652
"530";530;1,28965005442134;-0,831945172912141;-1,16204963698657
"531";531;0,125651332968679;0,0410642354925452;-0,85294303988953
"532";532;-0,197740182557047;0,760444550769128;0,0260346150229184
"533";533;0,356610147835675;-0,305366338739966;-1,6757917082891
"534";534;1,62578915921885;1,1584348707469;0,075522473126266
"535";535;0,390502533453434;0,523644550233255;0,938088342736609
"536";536;0,940430559653016;-0,490494335168612;0,285593612036
"537";537;0,958785668169021;3,17090760067307;1,44732592032971
"538";538;-1,14758390297091;-0,242659720854532;0,0947234689000885
"539";539;-0,18746666122243;0,425642887887637;-0,391170206159159
"540";540;-1,99118305984508;1,17617026819344;-1,43897292102221
"541";541;0,173946866711918;0,546762836883193;0,686963515865232
"542";542;-0,439548879220466;-1,2133967442376;1,31028788167857
"543";543;0,169393421122142;1,47334056628225;-1,0868762966786
"544";544;-1,23167801203162;-0,413015625999004;-1,65688289872755
"545";545;-1,21272534469343;-0,739958867017331;-0,905645414184659
"546";546;0,536256912966706;-0,479792037491807;0,589501029448506
"547";547;0,468622277475639;-0,347094766771819;0,9507792519664
"548";548;1,43582559811922;0,629711870281176;0,221735683102869
"549";549;0,0470427003772093;0,188148232931083;-0,229218661465956
"550";550;0,872742178751199;0,0573742351863877;-0,420022530365015
"551";551;-0,712570244625817;1,24212783586834;0,0110748802730251
"552";552;-0,637828874667514;-0,177020066756228;-0,405391130515855
"553";553;0,290652569038206;-0,348988747024663;0,108296021846701
"554";554;1,52065491468207;-0,556991461470908;-0,744998770059883
"555";555;0,813266986804169;0,507674104034133;0,348224121954433
"556";556;1,17951294604275;-0,914887709579689;-0,00963921101649231
"557";557;-0,216454730713052;-0,0572376708770294;1,13255925275796
"558";558;0,588374657644451;-1,16690090537535;-0,317937188525053
"559";559;-0,204318859884529;-1,0030954317413;-1,36243619941706
"560";560;-1,94056025297606;-0,731372704827506;0,469769783782899
"561";561;-0,740566866089231;-1,00181421500528;1,19584405020201
"562";562;0,294355354017048;-2,09582277705594;-0,877526687916724
"563";563;1,22805890542528;0,769672098444349;0,83247246039052
"564";564;-1,00044964419311;0,126525153164254;-0,0304697670885497
"565";565;-0,512220850473234;-0,631665664824688;-0,184243065455872
"566";566;0,402849069421616;-0,655625143271653;-0,737494071527519
"567";567;0,0633359280414901;0,277285243739603;0,655485312871107
"568";568;0,482981449384188;0,470910392520144;-0,916040388071166
"569";569;-0,0518740851945963;0,483405880101414;0,549035199878761
"570";570;0,643026329938819;-1,22602317496304;0,141073367432013
"571";571;1,63706890716113;-0,161992762857364;0,217502758484594
"572";572;0,13707422680133;0,988421710750369;-0,115162082905838
"573";573;0,14077726003294;0,0782061790936981;0,733510391886258
"574";574;0,0138099962359725;0,307561302117191;0,990261556230455
"575";575;1,13732969281629;-0,527112361106237;0,613888410166974
"576";576;0,173943996035738;1,53106642863672;-0,146290353844107
"577";577;-1,3114580521813;-0,547667741234083;1,52215117303794
"578";578;1,22484398227932;-0,854142233716417;0,581879577197274
"579";579;-0,124323398573641;0,401917750290001;0,828808311231932
"580";580;1,55262087927309;-0,495467782298218;-0,75963402764623
"581";581;-0,299616959078767;0,453517926083942;-0,117840017264052
"582";582;0,311695847313614;0,397503563582434;0,173688077035832
"583";583;0,787945516450567;-1,67492073858226;-0,363619264777347
"584";584;0,339726735802879;-0,587589421944871;1,62968821760887
"585";585;0,262846841657305;-0,328394680117832;-1,10577939903558
"586";586;0,449397556613072;-0,0431785106206342;-0,232388897361257
"587";587;-0,971350798619638;1,49691938444876;0,989180827937446
"588";588;0,472626125844188;0,548254235698902;0,09739323644442
"589";589;-1,37902405775573;0,777516636491251;-1,22562315736585
"590";590;0,307741046094655;-0,933049846341944;0,183239825669147
"591";591;-0,396501780074012;0,580684944498303;1,37491267319985
"592";592;0,0547299335036422;-0,551336859498494;0,298585965678494
"593";593;1,96982332160411;-1,45599441642078;1,46871019756871
"594";594;-1,86423828559298;-1,93369789007117;0,305383101345183
"595";595;-0,646567465868821;-0,695627203880361;0,7048350470874
"596";596;-0,998428640051539;-0,101282667915851;0,761679122203761
"597";597;0,0400790453803145;1,55361130330242;-1,07894548277025
"598";598;-0,179795081659408;0,430623799074346;0,670020413782369
"599";599;1,34435062783538;0,119087895471085;0,450407530648141
"600";600;0,0761021860787279;-1,20695721405419;-0,0620655137800731
"601";601;1,59585256095415;0,378767964543488;-1,08498327937337
"602";602;0,753584856649011;-0,480553744028806;0,792616576755088
"603";603;1,56748425163087;-0,424460619668892;-0,0997887527401851
"604";604;0,691847290680106;0,436330380359187;1,48864814992267
"605";605;-1,08511673563536;0,311702538212587;0,0724498504706768
"606";606;1,36458731267569;0,245550809887213;2,1017928977592
"607";607;0,36842366819346;-1,13217190003202;-0,948617098877864
"608";608;-1,53976493086926;0,494504299270731;1,12090160521948
"609";609;-0,178207277026956;1,39350958178095;-0,346887968857397
"610";610;-0,163265592691666;0,124956778796922;0,954550077284752
"611";611;-1,58055875528278;0,57302955659267;-0,0503464610821513
"612";612;0,961892898244204;0,0154245372634428;0,779040538304258
"613";613;-0,50197826508394;2,92001908111646;0,17004673672343
"614";614;-1,41739253072357;0,75964063631969;-0,681155965788053
"615";615;-0,209243519571188;-0,183186830726788;1,66361527490021
"616";616;-0,196964691574801;0,854439559968191;-0,168861905341015
"617";617;-1,57144367038587;0,331055430344449;-0,614988718169743
"618";618;0,337207584655794;-0,628659920076438;0,105518485242924
"619";619;0,141296945948401;-0,108048079840372;-0,612224158764344
"620";620;-1,66081319119126;-0,902723068458148;-0,546190770841291
"621";621;-1,38070500404368;0,313517207997158;-0,180858320390717
"622";622;0,791532848666165;1,07217690162022;0,273579792349249
"623";623;-0,677225570623671;0,798736716328106;-1,16052525010922
"624";624;1,48442996720132;1,11097662660899;2,00120907452989
"625";625;-0,506608047586109;-0,14198907250543;-0,134882260282254
"626";626;3,84897926586894;1,95601571028407;0,72942685116249
"627";627;-1,00102938254674;-0,154258452674385;-1,18007109091722
"628";628;0,10866191885085;0,133048958712926;0,744126587398006
"629";629;-0,31668935068257;-0,534037569399517;1,33900652546605
"630";630;-0,179832742194172;0,324927173672744;0,352847790959034
"631";631;0,73682822471225;1,16447997109488;0,725241487981682
"632";632;0,775705350542598;0,345704485466499;3,23306606879118
"633";633;-1,42566103724281;-0,638065017204695;-1,80841292572497
"634";634;0,12661805749521;1,31889964394523;0,954398037345375
"635";635;-1,1742765059222;-0,314885240082759;0,345699012289253
"636";636;0,404736160440874;-0,827438471343372;0,469163740429009
"637";637;-1,22408213213836;-0,866782369345458;0,381075261030398
"638";638;-0,941456017220166;0,879266465623731;-0,808652099627833
"639";639;-0,387977886033392;-2,06462364588602;-1,0396251617018
"640";640;0,0700374731172147;-0,100685255825992;0,839894243235356
"641";641;3,7151657179252;0,128161738261536;0,734831657460013
"642";642;0,572353224112807;0,769792352865493;-0,492783027370551
"643";643;2,20692455388186;2,02084244519069;-1,20758259835162
"644";644;0,23314658699965;-1,38118608514407;2,14506079108826
"645";645;0,967632461588384;-1,15575517921739;0,41647281695049
"646";646;1,14001518918836;0,927739277328142;0,441222125893233
"647";647;0,463989213809253;-0,239553725475739;0,641278689787285
"648";648;-0,904904614126406;1,21477434334254;-0,906290820507122
"649";649;-1,94223790710487;-1,37522786233958;-0,292018138553648
"650";650;-0,973944079335682;0,101872068568407;1,5409059726985
"651";651;0,479545005935103;0,366599202938235;-0,164211175082121
"652";652;1,00861986831459;1,16559221608432;0,497842130637845
"653";653;1,49896185456135;0,416828695719031;-1,50013203773724
"654";654;-0,49708776247402;0,336176972695493;-0,567283307721902
"655";655;-0,139911279106726;0,559881385460565;0,446489631427681
"656";656;0,331837887796525;0,315825072203185;0,404854881506643
"657";657;-0,955738833178201;-0,64566764225181;1,63082979767322
"658";658;-1,11934775187865;-0,234041130961582;-0,252444098752128
"659";659;-0,634490237898737;0,203993018119652;-0,691639171523746
"660";660;-0,279190433738029;1,51357992131832;0,631212684850153
"661";661;-1,69373445186858;0,0324701127570755;-1,32022025588527
"662";662;-1,74542752283773;-0,569572953188163;1,05981186180598
"663";663;1,46773756161943;-2,2851385453237;1,8770152795122
"664";664;0,515671928719021;-0,567541678699863;-0,913118111011922
"665";665;-1,77624468201368;0,682234055714039;0,529278796672142
"666";666;2,78824951610879;0,521403190859277;0,914441520893025
"667";667;-0,209685968173367;1,25827428422875;-1,3215156593245
"668";668;-0,310250899484496;-0,219205154192418;-1,44490853638774
"669";669;-0,6283153095071;1,55056325520737;0,13545519779168
"670";670;2,06897517599897;0,481293602661487;-0,0601153378275057
"671";671;-0,863229488790679;1,36988817374589;0,828079686573894
"672";672;-1,71411077712479;-0,272293805194285;1,47421347577437
"673";673;1,14677251357803;-0,384152787540111;0,507908006783874
"674";674;0,137243642323961;1,34962195038302;0,598147311050907
"675";675;1,19202895802778;-0,873704547990514;-0,253518065684507
"676";676;0,358410152430595;0,610854793819307;0,965876192469801
"677";677;0,843994375045631;1,15307641712668;-0,622810562041311
"678";678;0,498747637720711;0,0732724798441908;0,625458691130322
"679";679;1,91126755939132;0,335075919831187;-0,520058344408322
"680";680;-1,76184005219714;-1,57320487355579;1,07372075623296
"681";681;0,54531578681345;0,0531145566044439;-0,105875856675297
"682";682;-0,229338154090019;0,318567088179958;-1,22573527652697
"683";683;1,66451169640544;-0,413330858686645;0,36021264527134
"684";684;1,09759861966013;-0,541241510609546;-0,215820466732322
"685";685;-0,536417550404891;0,999268444542119;-0,250531107783982
"686";686;-1,02439849762131;-0,448308498382593;-0,451730814549294
"687";687;-0,531473128024864;-1,0941777013117;0,568061264520502
"688";688;-0,97171598325971;0,377716460269315;0,298314807541025
"689";689;-0,117282804599698;-0,20470329968016;-0,0360888208810078
"690";690;1,01114718164926;0,467352343854489;0,249187800265835
"691";691;0,268540121294436;2,46258829698557;0,0197205037240072
"692";692;-0,216530261898906;0,486092188492242;1,20458727505361
"693";693;-0,0176704076171542;0,409497431679161;-0,226700589833037
"694";694;1,17337054733849;0,786531812007007;-0,204518429704288
"695";695;-0,198707745637025;1,52453627246072;-0,244431491946911
"696";696;-0,380493766426049;0,860839202525067;-0,115877562861486
"697";697;-0,115755910253874;1,50171698001918;-0,0336318441617963
"698";698;0,34686158181574;-0,57895661066283;0,822563230368749
"699";699;1,62366922174462;0,0364829569552445;-0,964122910161883
"700";700;-0,822306734535654;-0,707227731958979;1,1000858414621
"701";701;-0,858593563730534;1,45057275914869;-0,209158663501283
"702";702;0,2278109482514;1,01472949324017;0,709406481291768
"703";703;1,93425319433915;-0,241934841753269;-1,50266953056273
"704";704;-0,752361756878749;-1,5614835880488;1,12484946310625
"705";705;-1,44226865647452;0,734566317352959;0,169610657769393
"706";706;-0,139525752124075;-2,80035430524535;-0,749030685758864
"707";707;-1,30263857133352;-1,51359251618814;0,00344597292825875
"708";708;0,221547761226027;0,011825291658247;0,136243939774299
"709";709;0,0334010725078568;-1,82021689666377;2,69532648473658
"710";710;-1,56685951800663;0,326298305442056;-0,538263020850454
"711";711;-0,224208084783574;0,122558143086152;1,59035392916484
"712";712;0,0714823468172511;1,11852294746688;-0,575756364882634
"713";713;-0,620851063512559;0,848064068244806;-0,229146726974328
"714";714;1,81237443675084;-0,95961259830315;0,487913206869756
"715";715;-0,484006110458044;0,233418818544968;-0,00829794040921825
"716";716;0,0640199859745964;0,0399664897566059;1,69049802436799
"717";717;-2,29623655533966;0,766090770863706;1,39362875974245
"718";718;-1,47595693078756;1,12231043512482;-0,815006241823213
"719";719;0,569376813097624;0,685559559129295;-0,34629944690246
"720";720;1,60321779968703;-0,251168822938125;-1,63827112203852
"721";721;0,362347734323913;-0,588246255364194;-1,55981556751377
"722";722;-1,03144750834025;0,433959105789263;0,988632911522536
"723";723;-1,41734522437293;-0,19309537854278;0,379565948552584
"724";724;-0,481151900143446;-0,574742619565759;-0,705105074842264
"725";725;-0,183578859000254;1,33752651405099;-1,08591556487728
"726";726;-0,41177474185519;-0,272991884961878;-0,356583207686467
"727";727;-0,392137250897695;-1,27332078957137;-0,266065040887513
"728";728;-0,151919810999492;-2,2109946760544;-2,02551044977419
"729";729;-0,146007327413091;-0,17808680605234;0,0951617370780428
"730";730;-0,975854580247834;0,0852202013240143;0,495843756543015
"731";731;-2,71881071714118;-1,47997476915233;2,02992673241176
"732";732;-0,767123364748178;-1,14241296533704;-1,60084203163313
"733";733;0,966549293392172;-0,269517796041814;0,598136958138487
"734";734;-0,892820111581133;1,19053776682939;0,256293807134987
"735";735;-1,30014696570224;-0,361914043353417;0,0547788582347027
"736";736;0,402433294446411;0,413565669089179;-1,31506704544824
"737";737;-0,820865990445556;0,5082924938287;-0,761501044400144
"738";738;0,700601855593999;1,01487787973519;0,302997163265616
"739";739;1,37311166890313;1,01111565535648;1,9464117107393
"740";740;-0,351484146450096;1,88284814263055;0,439794541197071
"741";741;2,2884963670249;-0,506133410781457;1,00401143114478
"742";742;-0,405839980044083;-0,194112864487221;0,0933176013137133
"743";743;-1,69374938198288;0,759089817783833;-0,579520248417448
"744";744;0,739242284222558;0,658040454999608;-0,873521988647698
"745";745;1,71875402308852;-0,225118233118139;-2,22437790693655
"746";746;-1,2275320594018;-1,15013182345023;0,0250725643642337
"747";747;-5,54117625929829e-05;0,300561029200289;-0,721120259587657
"748";748;-0,104104818375983;-0,262663798651452;-1,2070208499104
"749";749;-0,965522170150869;-1,96473987953593;1,06386926201641
"750";750;1,14359814598217;0,205264616575739;0,0361504382478857
"751";751;-0,7886722126467;1,88532365003615;-1,36185121261907
"752";752;0,958832326189706;1,92790503915624;0,569927893668319
"753";753;-0,142479776932383;0,106420194350403;1,13160647873437
"754";754;0,846878222967516;-0,432128538696466;-1,20649878696031
"755";755;-0,907040653230065;0,159874570292437;-0,879863025817879
"756";756;0,394200805074629;-1,38203954277734;-1,32760144177219
"757";757;-1,94744772933588;1,97522453569194;0,530554933875922
"758";758;0,239506015009165;0,858494305920349;-0,464124159688155
"759";759;0,47744456331543;0,303180600867202;-0,171171027046972
"760";760;0,469679340152459;-0,685688572332436;-1,48752014559613
"761";761;1,7575759370545;-0,342188923517512;-0,413112381431572
"762";762;-1,91532199201913;1,29385649209661;-2,06991088662863
"763";763;1,31299540639262;-1,04787409707893;-0,48273688472871
"764";764;1,11635248843434;-0,228544622585968;1,07204417778661
"765";765;-0,320616151368523;-0,00977295242498511;0,0217262924343726
"766";766;1,52502131207591;-0,731372072551542;-0,750426325600794
"767";767;-0,840410491410493;-0,829998999516916;0,440693904337741
"768";768;-0,305669607500258;-0,221247774346577;0,948014699973062
"769";769;0,687345569855181;0,814791063277814;1,44551514355346
"770";770;0,432063902955721;-1,91767124591781;-1,23399281240474
"771";771;0,565523655938581;0,923157966966421;1,28358784642043
"772";772;0,125673516015034;0,897596977423194;-0,406648095033867
"773";773;-0,798065433491971;1,21493112501759;0,152065619874728
"774";774;-0,516617364927614;-1,04783630346455;-0,173410706093469
"775";775;-0,293251839792326;-0,73220829697828;0,736617322224646
"776";776;0,554349984716006;-0,0554823535093177;-1,25398890288377
"777";777;0,246437718095533;-0,0858852775429585;1,1800715967479
"778";778;0,26229967665532;-0,58893983130223;-0,375119961780374
"779";779;0,582811437149506;1,17835346565255;-0,442405921385119
"780";780;-0,0774539106472344;3,26870414457185;-0,232169368204359
"781";781;-0,788077972563692;-0,686632223891776;-0,132772373371888
"782";782;-0,00373100096339931;-0,868009075794562;-1,76118835003215
"783";783;2,76396356374309;0,0746693980319944;0,847860354625879
"784";784;-0,616134417577718;1,11961762103714;-0,481816966559069
"785";785;0,95593382962052;0,398010565554859;-0,00694384022473479
"786";786;1,17762930807887;1,27133595416243;0,216099434797211
"787";787;-1,05983129421959;0,1476697810579;0,264329126098957
"788";788;0,0572671196236985;0,385925568311475;1,09602736890997
"789";789;3,10139227958714;0,870184497121303;-1,92374577159953
"790";790;0,126111650573243;-0,141046822304463;2,1479723705925
"791";791;-1,63779421863304;0,0121432531274056;0,136249681531485
"792";792;1,35351809673197;0,227804359237306;0,525804990242455
"793";793;-1,47647976251012;-1,52483899870142;-0,431806479994009
"794";794;-1,95338523928986;0,632535301249932;1,50202979490762
"795";795;0,0206600560623365;0,291532023634875;0,168871803719965
"796";796;-0,394657277471441;-1,19662617767639;-0,912635070172692
"797";797;-0,445587613664028;0,569347345718441;0,0998141988108836
"798";798;-0,859118752996266;0,536486292802657;1,49624995057076
"799";799;-0,428079277482631;0,402236816927463;2,45703436560169
"800";800;-0,711498838660776;-1,39157055113762;-0,151418884196704
"801";801;1,83208509250386;-0,783822426628333;-0,038119058465147
"802";802;0,25662741587436;0,174210509667788;2,16338503270426
"803";803;-1,22337565163234;-0,391876740028382;-1,40971126834306
"804";804;-1,39375151878097;-0,372932779181445;0,129416267729025
"805";805;2,1428972645028;-0,667703321580932;0,128591760712164
"806";806;-0,716572765738592;1,01644187354974;-0,516108501048864
"807";807;-0,778033889047333;1,69062049524974;-2,22052084916368
"808";808;0,889932660615342;-0,0123829971799296;-0,438986183886727
"809";809;-1,20300362395364;0,0307130106826935;-1,02998544722853
"810";810;0,414185762155962;-0,871733073809535;0,0450715494119232
"811";811;0,846525479044171;0,926677290127358;-1,6829330222011
"812";812;1,4078827448308;-0,448348993501787;1,059597216319
"813";813;-0,0504221494813225;-0,580395775230866;0,934184645757128
"814";814;-0,334014794118895;1,99573013186112;0,499953106085007
"815";815;0,899979794899808;-0,173188093126832;-2,11142082205923
"816";816;-2,47705240481532;0,405071060499346;-0,691917885906578
"817";817;-0,814705940998722;0,395885682564745;0,118049272811881
"818";818;-0,359604555789885;-1,64632599851156;0,371116550864142
"819";819;0,590576009208401;0,727434138255516;0,521941731407977
"820";820;0,900846073739805;-0,718948494828395;0,147591916488029
"821";821;-0,913275925383101;-0,194378690985066;-0,359961027565294
"822";822;-0,0654307327571745;0,35353722411207;0,839142520489132
"823";823;-0,0980593462880539;-0,170545945354153;-0,391486952856111
"824";824;1,52662343359196;0,83809749130667;0,231445974188963
"825";825;-0,0672126646208198;1,02920032157539;1,06001037280516
"826";826;0,425647257480005;1,01913507549406;-0,848361523977261
"827";827;-0,993455949277438;0,822752532755309;0,860252036917732
"828";828;1,58837381597005;-0,0748270562025343;0,130987157325764
"829";829;1,08102800576849;0,819887796056068;1,9157068767714
"830";830;-1,3705403740689;1,04155814357401;-1,18908598700548
"831";831;0,143150486676565;1,33895251545327;1,60346849404814
"832";832;-2,88201946043157;-0,0883179846626405;0,9099348336643
"833";833;0,49393856019028;-0,363515553983272;-0,0675121843141664
"834";834;-0,155943586015618;1,42130894125494;1,59678343274093
"835";835;0,10174350385709;-0,383584699643112;-1,07532137934073
"836";836;0,682057489706306;-1,68408342655136;1,89418897758632
"837";837;0,100220650911902;-2,27426825887153;-0,447074061084493
"838";838;-1,61091519322724;-0,0647266719624615;-0,59605139445802
"839";839;-0,0221897298467401;-0,195090852809797;0,412544152320672
"840";840;-0,595918370719497;0,516908298178458;1,66242157151342
"841";841;0,836750760205748;-0,676514267804568;0,358440158752217
"842";842;-1,2308801607284;1,18556687610023;0,577519407376816
"843";843;0,172115877723421;0,688004585490573;0,51185433993557
"844";844;0,25228937626455;-0,374662253707446;-1,32675387365237
"845";845;-1,04175228070956;2,22442277398406;2,75988281827642
"846";846;0,989029256954508;-0,0100804464856135;0,990884046352562
"847";847;-0,905455591158938;-1,38793395423666;0,308616778134638
"848";848;-0,929840565299169;-2,15041323886882;-1,39063984494692
"849";849;-1,58098796419771;-1,93736649740288;0,306269865964761
"850";850;0,0835691548585617;-1,38262901849537;1,38503652647609
"851";851;1,46520082554925;-0,64360029744275;0,00598879577532874
"852";852;-1,6892223440926;0,513523596667452;0,797908281969123
"853";853;0,313214086548773;-0,389647164587514;-0,976541185276111
"854";854;-0,885200581866028;-0,675584783774487;1,24883921837105
"855";855;-0,535476054853791;0,384686362103186;-0,43475283116137
"856";856;0,406767956112418;1,15833509548063;1,17129787474586
"857";857;-0,361402444473846;1,74720846184277;1,00023191177133
"858";858;-0,021553044690965;0,909283896461568;0,706134373429451
"859";859;0,123627576078239;0,176205075144181;-0,789342034886967
"860";860;-0,321745693422432;-1,02185761126289;-0,210635913794417
"861";861;1,04533019574202;-0,815689432170638;-0,521421811289847
"862";862;0,0494177694424745;1,35957953016821;0,519094949021862
"863";863;-0,70362545666586;0,670341540228996;-0,882207102603922
"864";864;0,869365477483712;-0,234656115407167;1,25187750012746
"865";865;-0,183766001321464;-1,19080780185287;0,820350069456327
"866";866;1,94400221559796;0,686874456705661;-0,0793989775253844
"867";867;0,431291547893128;0,233050341840036;0,820972423737502
"868";868;-1,19347858742645;1,45846123157976;0,833272775625336
"869";869;-0,443891260731532;-0,585984505961265;-0,97325451467877
"870";870;-0,117977837550289;0,926158256958054;-0,286807718203184
"871";871;1,05854616980883;-1,91209716952026;-1,37760485002303
"872";872;-0,747580014904712;0,104238164964782;-1,70594413940802
"873";873;0,326480139133392;0,896918786792175;1,61986436343911
"874";874;0,108893984793926;-0,78435656723266;-0,142764949768795
"875";875;-0,352791969638685;-0,509188834248374;0,686391711330813
"876";876;-0,196064512007437;0,797703201684114;-2,95102065272213
"877";877;0,756129710098432;-0,224448340387358;-0,901029383161055
"878";878;-0,165184213824912;-1,11924223345893;-0,556511348853347
"879";879;-1,30794125951538;-2,25956048789448;-0,910458336399791
"880";880;-1,03570771059062;1,72786364081641;-0,593705726939115
"881";881;0,398763243146502;0,186785397024473;1,14852643369382
"882";882;1,40104932128014;-0,239260554195734;-1,85279281244523
"883";883;2,10041051030563;-0,909966172187193;-1,93433037784092
"884";884;0,477876111049003;1,25868381513941;0,24982071579798
"885";885;1,4025598026678;1,02930780640821;1,24477271641313
"886";886;2,13571967363772;-0,196994554073302;2,05736111506714
"887";887;-2,38320758133424;-0,652694020992425;-0,579109400328698
"888";888;-2,17646502194663;0,885702232688903;-1,102204769626
"889";889;-0,756842352108798;-0,627596485387966;-0,191359080148515
"890";890;0,391522866648458;-0,252887373553263;1,4415184628816
"891";891;0,337383313728075;-0,0549747052170361;1,46805415339345
"892";892;0,434606975508099;2,56418760904747;1,0910470394598
"893";893;-0,0164553674485392;0,15652280775693;1,13227789189744
"894";894;1,45512073902329;-0,404320430541076;0,820363674367064
"895";895;0,969499205850475;-0,993186138193259;1,0721993263476
"896";896;-0,825575094479845;-0,187556608398259;0,172258226760864
"897";897;1,12616444085963;0,796198421565965;-1,4187257506053
"898";898;-0,0615099438656734;-1,35339510912614;0,348383069474876
"899";899;-2,64198234122089;-0,60683059512456;0,138376312823536
"900";900;-0,31684567915909;0,514679109831131;0,0192276255261616
"901";901;-1,74271842867807;0,377362746442109;0,270203173634157
"902";902;0,88299386325618;-0,576092273098213;-0,308595519836036
"903";903;0,41727144637333;0,216864124982095;-3,09856810925419
"904";904;-0,875210000916095;-0,938250237568396;-0,180827245029284
"905";905;-0,0441149655988014;1,17970683110188;0,276264649723884
"906";906;1,93449867070248;-0,735249042955026;1,01179694019079
"907";907;1,04323523492066;0,776234145787339;-0,427784590667398
"908";908;-0,73956407462856;0,566873231965971;0,23710740626006
"909";909;-1,6640414444406;-0,832963019000476;-2,04785241469412
"910";910;0,673016535485936;0,900340429115121;1,40846606048526
"911";911;1,76749657417231;0,152178639089907;0,943657305314132
"912";912;0,368029714027517;-1,509175603813;0,934098107752273
"913";913;0,884553169364128;0,722932037666408;-1,03315773060551
"914";914;-0,66630147484287;-1,17713384528264;0,246396282935768
"915";915;0,526754964418662;0,803939619105381;2,65608949900638
"916";916;-0,744546061895782;0,489251492463816;0,791279515181111
"917";917;-1,24771880168446;-1,82058844633423;-0,952685169260778
"918";918;-0,267630462263404;1,17309474286941;0,092138145477653
"919";919;0,432293794405241;-0,513812887635921;2,38181437070349
"920";920;-0,483417834423316;-0,351132174921206;-0,368303685985437
"921";921;1,74242920602743;0,130656833911926;-0,0320203892441866
"922";922;1,44873149524731;-0,0312042264307403;0,874178336344394
"923";923;1,4966544314999;-0,0158150574164279;-0,108981832370288
"924";924;-0,664710715149281;-0,0521968127217295;0,501143444530576
"925";925;-1,39552605121835;-0,969949276710293;2,3390076218563
"926";926;-1,33360734116561;0,269357802770256;-0,309778571245921
"927";927;-2,10763901208426;0,012932080240893;-0,114946625245437
"928";928;-1,06481514262328;-1,6664224952559;-0,292518672263502
"929";929;0,0738710631470057;1,39551929132109;-1,20466251126594
"930";930;0,457045557975034;1,32802169312816;-0,707156637541711
"931";931;0,458055086232739;-0,562752863395851;-0,189109101805172
"932";932;0,867030760718247;1,38504152499315;1,06978911402989
"933";933;1,6603060223567;0,916563170628622;1,37207887718326
"934";934;-0,883532313260633;-1,31992337318475;0,832333273344172
"935";935;0,0442818078888403;-0,748341538931963;0,852754245860286
"936";936;1,89463761651097;0,871266820063157;1,55785607693631
"937";937;-1,41141954684335;-0,48649286026874;1,12058831931064
"938";938;0,152542715734394;-1,60502338928013;0,223148754868068
"939";939;0,0351971448658819;-0,39644447360511;0,112264909763808
"940";940;-0,822360010865129;-1,841442647719;-0,262700760340833
"941";941;0,320754767315089;-0,421976426860209;1,60512486042424
"942";942;1,22006537833493;1,57316112852106;1,68720667163529
"943";943;0,253028728615308;0,552274944708203;0,598918896750348
"944";944;-2,04288924569282;1,60509473775362;-0,660017143708094
"945";945;-1,87619168888361;-0,161979948200004;0,638369859273375
"946";946;-0,863008510218579;1,6111296837624;0,248312378098829
"947";947;-0,192057379935378;0,02308622868976;-0,936527916533793
"948";948;0,160184357250239;1,069597765419;0,44548164246452
"949";949;-1,28691308761561;-0,446853267235368;-0,196813210730241
"950";950;0,651836082471504;0,521574815522568;-0,373307735274156
"951";951;1,73556458499942;1,88325331594896;1,12828625316672
"952";952;-0,241489383805061;0,542565153713478;1,83049204262332
"953";953;-1,5766890274011;-0,455872913487536;0,515070776948623
"954";954;-0,208853054961033;0,85154124220223;-0,801089090082165
"955";955;0,36362911358154;0,0209562720329378;0,643991906410455
"956";956;-0,0286027388798631;1,38880810508275;-1,31800403358396
"957";957;2,26475137985984;0,628661406202952;-0,2213479779296
"958";958;-0,614899313743834;1,74564051247907;0,0392646434820852
"959";959;0,145329631037075;0,269118249049388;-0,902162164678414
"960";960;-0,0503408145737052;0,0378789033509132;0,183805956193108
"961";961;0,120591956083812;1,12311691167392;-2,09685432585246
"962";962;0,432168280065371;-0,428411052798867;1,21076025004606
"963";963;0,435654846496727;-0,679726254637051;-0,957850512762225
"964";964;-0,183778956807352;1,34523352208732;-0,014652054652062
"965";965;-0,153455470478861;0,810756148048341;0,59508045014047
"966";966;0,691458758589772;-1,37467084240914;-0,53446627739851
"967";967;-1,46478760381866;-0,0236980065592276;-2,14758349576864
"968";968;-0,596100169052289;-0,529781536169376;0,460309185163946
"969";969;0,95465541598555;0,491141721283265;-1,71040550998467
"970";970;0,672850382979769;0,371984762131749;1,45276719565752
"971";971;0,0064904386487102;0,263965089380931;-0,418193840300216
"972";972;-1,24899919761901;-2,65454970282556;-1,28549140295542
"973";973;-0,856620199026353;-0,881601446270844;-0,313018359169528
"974";974;-0,219290009493706;0,125725101107877;0,593164213480169
"975";975;0,788412903815512;-0,383750057071956;-1,065338271692
"976";976;0,417428534564559;-0,64626316618939;0,0653746886310015
"977";977;2,4317236880293;0,522880362102861;0,710522533982428
"978";978;0,967172699803286;-0,175611318463378;0,9069082179678
"979";979;-0,694728100257782;-0,153883019027196;-0,326742901884165
"980";980;0,490051564382927;-0,436917808216397;-0,920357576202315
"981";981;0,0928276829946852;0,982379701277825;-0,566447965428509
"982";982;0,228469461507465;-0,113050653066987;-1,51372945087366
"983";983;0,954465832104049;-0,758231730302455;0,972429828276974
"984";984;-0,0976460550641875;0,932175422197398;-2,12223723222776
"985";985;0,517108644845104;-1,63719818809131;0,596863734600405
"986";986;1,53911562036755;-0,00721503477421732;-0,980861892352625
"987";987;-1,41238086411196;-0,241666179515012;1,03973102565044
"988";988;-0,841852813098157;-1,60772161284056;0,161786814616502
"989";989;-0,622022149172946;-0,799853332770513;-1,2345456175572
"990";990;0,881504682704807;-0,170057920070773;0,0402677536719083
"991";991;-2,03328148361982;1,06821884450888;-0,528444874527501
"992";992;0,662744054481087;0,49372469930187;1,62112202941662
"993";993;0,0637098810584694;1,53001013478804;-1,16195713042784
"994";994;-0,958538964887682;-0,0470539911694264;-0,195414614228376
"995";995;0,215535986033178;0,228864048376806;0,891880262214783
"996";996;-0,521123179073318;-0,177382521015636;-0,490370987216798
"997";997;1,37118113777785;0,289584334632532;0,0852369701390433
"998";998;0,553734609936544;0,733799888909732;1,18826614348948
"999";999;0,420099517167786;-0,916490860651907;0,689630806696924
"1000";1000;1,50702141395582;-0,325560281563989;-0,296234644400668
